Account_ID,Age,Amount_Due,Delinquent_Payments,Risk_Score,Predicted_Risk,Priority
1,50,2687,6,0.628284302436535,0,Low Risk
2,67,2313,4,0.2266234843619359,0,Low Risk
3,55,3456,3,0.30208998162662304,0,Low Risk
4,65,876,0,0.8156470474507839,1,High Risk
5,64,534,9,0.9148257603103157,1,High Risk
6,47,528,9,0.2244066555055655,0,Low Risk
7,44,3849,8,0.8082338221388214,1,High Risk
8,63,745,1,0.2394002421299639,0,Low Risk
9,59,3784,1,0.26094332615060467,0,Low Risk
10,68,2165,7,0.5177625562724998,0,Low Risk
11,54,1484,7,0.915038993871996,0,Low Risk
12,54,4609,6,0.22402190386577592,0,Low Risk
13,21,3730,8,0.050304696661798376,0,Low Risk
14,23,4856,8,0.5293429282140021,0,Low Risk
15,60,4428,0,0.06233912913187878,0,Low Risk
16,33,900,2,0.392165999582369,0,Low Risk
17,18,4882,6,0.3893118519805764,0,Low Risk
18,18,2788,5,0.5127009392597625,0,Low Risk
19,40,4737,0,0.669808747270844,0,Low Risk
20,44,2586,5,0.3988830110020768,0,Low Risk
21,61,1414,2,0.9368856584082879,1,High Risk
22,32,4686,5,0.42268587063685303,0,Low Risk
23,46,2463,4,0.7804302305540971,1,High Risk
24,53,4863,2,0.013837607183893486,0,Low Risk
25,37,2679,0,0.12380453154634663,0,Low Risk
26,62,3379,0,0.7415194728570201,0,Low Risk
27,62,3766,1,0.6182089061048133,0,Low Risk
28,52,1255,2,0.9041574551576441,1,High Risk
29,35,3950,3,0.9773640749800263,1,High Risk
30,25,3925,0,0.8170462841422945,1,High Risk
31,56,2608,8,0.11757753607388055,0,Low Risk
32,56,4934,2,0.5357615208615357,0,Low Risk
33,63,2642,7,0.9019164825309173,1,High Risk
34,49,3393,8,0.7182326169699391,1,High Risk
35,65,684,5,0.6288162447198683,0,Low Risk
36,38,621,9,0.2937961557640263,0,Low Risk
37,40,1119,8,0.7241282137828781,1,High Risk
38,31,3522,2,0.3644074449178555,0,Low Risk
39,19,2485,7,0.9452202473702814,1,High Risk
40,52,4584,0,0.7089309873364892,0,Low Risk
41,44,4614,4,0.4442213014904375,0,Low Risk
42,29,2817,2,0.7126321246208518,1,High Risk
43,23,1595,1,0.3262430358302715,0,Low Risk
44,55,1011,3,0.35709124422276795,0,Low Risk
45,19,3554,9,0.7667413972588811,0,Low Risk
46,48,4294,8,0.18902531724451566,0,Low Risk
47,34,4871,9,0.5434042310115641,0,Low Risk
48,31,2001,8,0.9688688252055047,1,High Risk
49,18,4239,4,0.13293601950400102,0,Low Risk
50,18,2731,8,0.8370069968176931,1,High Risk
51,39,3274,5,0.7794076960164479,1,High Risk
52,56,1994,1,0.8075200411937129,1,High Risk
53,43,4730,8,0.6561818050130084,0,Low Risk
54,62,3085,3,0.8610097626246735,1,High Risk
55,45,4261,4,0.638925733196923,0,Low Risk
56,35,3381,1,0.8266760065425783,0,Low Risk
57,39,2450,0,0.29277362566037946,0,Low Risk
58,52,3294,9,0.7531920952628766,1,High Risk
59,55,1716,4,0.8133842873309725,1,High Risk
60,23,2470,3,0.2113816069017469,0,Low Risk
61,21,1704,6,0.14441610057642162,0,Low Risk
62,30,657,5,0.30989279267269854,0,Low Risk
63,44,4819,1,0.7991981700345282,1,High Risk
64,18,3911,6,0.4456570168878057,0,Low Risk
65,59,982,4,0.5690647534188162,0,Low Risk
66,63,1271,4,0.32584851795424075,0,Low Risk
67,66,3603,8,0.7426707108685809,0,Low Risk
68,41,3992,5,0.375653951421143,0,Low Risk
69,41,3598,9,0.21950069015713014,0,Low Risk
70,51,4625,7,0.5855713749176581,0,Low Risk
71,68,2223,9,0.9311991654209776,0,Low Risk
72,51,1902,0,0.8524005942658902,1,High Risk
73,36,2064,1,0.2073847698301513,1,High Risk
74,42,857,3,0.8156505636494614,1,High Risk
75,34,3412,4,0.20417606239128294,0,Low Risk
76,30,1843,5,0.3260152144227412,0,Low Risk
77,68,2869,9,0.31550067744678034,0,Low Risk
78,26,2175,2,0.236082020909824,0,Low Risk
79,63,3839,8,0.11166704326293675,0,Low Risk
80,42,4783,9,0.4898303453407912,0,Low Risk
81,37,3273,4,0.038082290596882284,0,Low Risk
82,58,4242,8,0.6089001103889897,0,Low Risk
83,34,1917,9,0.8494038049100334,1,High Risk
84,34,4693,7,0.24509057009679924,0,Low Risk
85,21,4932,4,0.11230386797238134,0,Low Risk
86,28,1754,3,0.4718987231647809,0,Low Risk
87,55,2308,5,0.48227625628965565,0,Low Risk
88,24,4284,7,0.5701980675710743,0,Low Risk
89,67,3107,0,0.9023676837483384,0,Low Risk
90,29,552,5,0.026831071987891142,0,Low Risk
91,64,2171,7,0.5421094882329164,0,Low Risk
92,22,1789,5,0.12847786170576436,0,Low Risk
93,26,1171,7,0.035318058356202275,0,Low Risk
94,21,1075,6,0.4838447280475996,0,Low Risk
95,29,3795,1,0.9869145445855335,1,High Risk
96,18,1213,2,0.47669377443292604,0,Low Risk
97,65,1015,7,0.3138318832106476,0,Low Risk
98,67,3689,1,0.024777748706160785,0,Low Risk
99,53,2961,9,0.347802230200147,0,Low Risk
100,30,4296,5,0.7964919804945718,1,High Risk
101,18,552,3,0.9520546074339051,1,High Risk
102,58,4630,2,0.5694718347725389,0,Low Risk
103,19,707,5,0.37553362824707015,0,Low Risk
104,38,3073,0,0.6456520626667496,0,Low Risk
105,29,3189,2,0.6242916724888986,0,Low Risk
106,50,3872,0,0.06262775600012449,0,Low Risk
107,39,3547,3,0.6309634156587595,0,Low Risk
108,45,1733,3,0.6192655045936108,0,Low Risk
109,42,1286,0,0.22155824021657378,0,Low Risk
110,34,4351,9,0.10667710880014447,0,Low Risk
111,27,712,9,0.7442358824888556,1,High Risk
112,34,1524,0,0.5511488884872302,0,Low Risk
113,37,4096,9,0.29475533079486327,0,Low Risk
114,60,2966,8,0.737062855483709,1,High Risk
115,18,1302,5,0.286130958998161,0,Low Risk
116,47,4629,6,0.026490466315283734,0,Low Risk
117,54,4952,1,0.6045863455489668,0,Low Risk
118,59,2000,0,0.634135017125657,0,Low Risk
119,32,907,1,0.980612400855304,1,High Risk
120,29,2833,1,0.3448877573513063,0,Low Risk
121,67,3212,0,0.6245295149959642,0,Low Risk
122,31,807,4,0.29747376867050834,0,Low Risk
123,33,539,7,0.9773005824399114,1,High Risk
124,67,1483,5,0.7936184653216011,1,High Risk
125,66,4854,0,0.8836489007416197,1,High Risk
126,26,2766,3,0.5352467141329486,0,Low Risk
127,54,4430,6,0.08676644103874775,0,Low Risk
128,67,1412,1,0.9323226290657937,1,High Risk
129,40,3278,6,0.552901846162286,0,Low Risk
130,23,4077,3,0.7645556548362291,1,High Risk
131,35,2871,2,0.4650271699654017,0,Low Risk
132,24,4288,8,0.2901227626407935,0,Low Risk
133,40,1053,0,0.4606151793092358,0,Low Risk
134,30,3545,5,0.08844992531905083,0,Low Risk
135,36,3547,1,0.0035044884871531234,0,Low Risk
136,45,3882,2,0.7729708271858833,1,High Risk
137,23,2371,6,0.5952808185892906,0,Low Risk
138,33,1824,1,0.886587492583749,0,Low Risk
139,26,513,6,0.9171468681751382,1,High Risk
140,53,1551,2,0.4644492301312092,0,Low Risk
141,69,4884,5,0.47745503404681167,0,Low Risk
142,54,3307,7,0.20323445798678763,0,Low Risk
143,25,4278,6,0.20567338741906638,0,Low Risk
144,46,4353,3,0.31370944025002523,0,Low Risk
145,25,4562,4,0.8490578931060919,1,High Risk
146,33,4142,5,0.1813294428758614,0,Low Risk
147,25,2291,4,0.585431013481938,0,Low Risk
148,61,2704,6,0.937405111416331,1,High Risk
149,37,2261,0,0.17930068239223285,0,Low Risk
150,48,4801,1,0.11649625474405767,0,Low Risk
151,68,3957,1,0.16270104805225782,0,Low Risk
152,24,4733,6,0.18624582837092374,0,Low Risk
153,68,3661,1,0.029948495926938268,0,Low Risk
154,41,4781,6,0.11877018061651623,0,Low Risk
155,66,4596,1,0.0753748572373184,0,Low Risk
156,47,3740,3,0.6201183203999306,0,Low Risk
157,52,915,0,0.6311083352364651,0,Low Risk
158,50,1917,9,0.8051250164842033,1,High Risk
159,29,1889,0,0.044164554190176064,0,Low Risk
160,35,2230,2,0.3652360302256672,0,Low Risk
161,47,4012,5,0.8280980069626755,1,High Risk
162,40,2998,5,0.1395100010400716,0,Low Risk
163,69,3568,2,0.09401103502929464,0,Low Risk
164,43,3916,7,0.2780482000737906,0,Low Risk
165,36,1768,9,0.2306382947860789,0,Low Risk
166,39,3958,6,0.8718855603344653,1,High Risk
167,26,2857,1,0.5053277661377464,0,Low Risk
168,61,2271,4,0.2609239225409653,0,Low Risk
169,53,4493,0,0.08727169147447111,0,Low Risk
170,36,3424,0,0.5780242828787531,0,Low Risk
171,57,3072,9,0.1274189291443868,0,Low Risk
172,21,2657,9,0.19786368943305488,0,Low Risk
173,42,4188,0,0.11973808292395549,0,Low Risk
174,45,581,1,0.7708546264436663,1,High Risk
175,46,842,6,0.03447581511425557,0,Low Risk
176,62,3004,0,0.5860815815897177,0,Low Risk
177,67,1176,7,0.8226281491989041,1,High Risk
178,30,2566,1,0.669586143128768,0,Low Risk
179,64,1603,0,0.6386718342118182,0,Low Risk
180,22,2521,7,0.579157012478376,0,Low Risk
181,59,1130,0,0.7136159911056342,1,High Risk
182,28,4737,1,0.28813561179756764,0,Low Risk
183,28,3019,6,0.7937578256228073,1,High Risk
184,25,1535,9,0.4953882237511673,0,Low Risk
185,52,2966,1,0.7461740726948651,0,Low Risk
186,69,4117,6,0.28192132613038623,0,Low Risk
187,63,3321,5,0.3989981717141726,0,Low Risk
188,43,1947,9,0.07571006989860762,0,Low Risk
189,20,689,6,0.7079529652480134,1,High Risk
190,31,3747,9,0.29873085728949256,0,Low Risk
191,50,2979,1,0.6121160903392063,0,Low Risk
192,67,1890,7,0.5327575646956672,0,Low Risk
193,32,4122,7,0.07283833683025964,0,Low Risk
194,29,2673,1,0.772881344121172,1,High Risk
195,56,4599,5,0.3553082629464229,0,Low Risk
196,62,3585,0,0.6183560414804719,0,Low Risk
197,65,1152,0,0.4254850841882398,0,Low Risk
198,51,4364,1,0.037271003483068554,0,Low Risk
199,43,2651,5,0.4631659084123473,0,Low Risk
200,23,3323,3,0.5359761529373422,0,Low Risk
201,18,3067,5,0.01590108612971708,0,Low Risk
202,22,4788,3,0.20856970087576998,0,Low Risk
203,18,3358,5,0.3035717071278855,0,Low Risk
204,63,2693,4,0.2493170336318059,0,Low Risk
205,62,3242,0,0.8468055131527681,1,High Risk
206,21,3778,6,0.0524989954642191,0,Low Risk
207,50,2817,9,0.8347570700387899,1,High Risk
208,49,2473,3,0.30066488739451513,0,Low Risk
209,47,2931,3,0.37928527946082324,0,Low Risk
210,25,4656,0,0.1760742823868966,0,Low Risk
211,26,4013,1,0.6244990483444947,0,Low Risk
212,22,1815,3,0.8653072735859444,1,High Risk
213,29,1234,1,0.5388669220052857,0,Low Risk
214,44,1182,5,0.3102640080177671,0,Low Risk
215,47,3851,2,0.9471208818703724,1,High Risk
216,41,4610,8,0.7307407478177642,0,Low Risk
217,18,790,4,0.007412365516958341,0,Low Risk
218,58,555,3,0.6716106076792985,0,Low Risk
219,62,2088,3,0.7996171508803194,0,Low Risk
220,27,1816,2,0.4834210337386029,0,Low Risk
221,51,3333,3,0.26210594120683384,0,Low Risk
222,41,3565,7,0.24779403458002836,0,Low Risk
223,67,2058,7,0.9075846715649568,1,High Risk
224,26,3397,4,0.24898158157113104,0,Low Risk
225,67,2992,7,0.7229395403999842,1,High Risk
226,40,2967,6,0.5401540684127044,0,Low Risk
227,36,4562,3,0.2718579532278722,0,Low Risk
228,35,1425,9,0.43204568663679643,0,Low Risk
229,41,3121,8,0.04222490809818502,0,Low Risk
230,69,3469,7,0.15768784333130903,0,Low Risk
231,59,891,3,0.4255124989286254,0,Low Risk
232,67,4863,7,0.754839052631041,1,High Risk
233,54,933,4,0.8897401163807763,1,High Risk
234,33,3403,4,0.8073822574427025,1,High Risk
235,38,3509,1,0.18453176695156925,0,Low Risk
236,68,4250,1,0.6593101786096278,0,Low Risk
237,46,840,5,0.3042118688391948,0,Low Risk
238,51,1644,8,0.5800654797091682,1,High Risk
239,66,1108,5,0.9239343062200772,1,High Risk
240,53,3143,8,0.3510038577751733,0,Low Risk
241,53,1270,4,0.7112277538361214,1,High Risk
242,44,761,7,0.9180079946003274,1,High Risk
243,67,3100,8,0.47369935552225706,0,Low Risk
244,59,4169,5,0.08950971224069593,0,Low Risk
245,68,910,2,0.5276558856133806,0,Low Risk
246,47,3209,4,0.6842017444353692,0,Low Risk
247,45,3453,6,0.486591714546304,0,Low Risk
248,67,3643,2,0.08177055267831712,0,Low Risk
249,20,978,2,0.292025539034093,0,Low Risk
250,21,4845,0,0.6176202125166202,0,Low Risk
251,34,3949,3,0.42279815208926796,0,Low Risk
252,46,509,1,0.1989759585400268,0,Low Risk
253,46,4079,8,0.13550313458255547,0,Low Risk
254,66,1257,4,0.9579239172974198,1,High Risk
255,50,1698,1,0.7114478473708844,0,Low Risk
256,60,2059,3,0.6775713614179971,0,Low Risk
257,49,4392,5,0.9283263022264651,0,Low Risk
258,57,2399,2,0.4806817188733874,0,Low Risk
259,52,4946,4,0.0768155214126045,0,Low Risk
260,45,1536,3,0.05428114062698075,0,Low Risk
261,34,3857,1,0.45197566387194854,0,Low Risk
262,60,3925,4,0.39382652864329515,0,Low Risk
263,38,1459,6,0.9008532041435325,1,High Risk
264,51,2955,3,0.6631199730030494,0,Low Risk
265,25,3026,8,0.15820496375490056,0,Low Risk
266,38,4446,3,0.43574387114358415,0,Low Risk
267,59,3561,2,0.6245112991967021,0,Low Risk
268,60,2764,4,0.90900840019495,1,High Risk
269,45,1075,6,0.18374613173300336,0,Low Risk
270,28,3379,5,0.5491684875537157,0,Low Risk
271,47,3079,6,0.7112866861814192,1,High Risk
272,68,4844,3,0.7432614132539455,1,High Risk
273,57,3967,3,0.859142551738378,1,High Risk
274,32,2572,1,0.20008477700010907,0,Low Risk
275,18,4399,2,0.6786660318241906,0,Low Risk
276,64,1812,4,0.4478991222401789,0,Low Risk
277,20,1644,6,0.0864742291906625,0,Low Risk
278,26,3179,5,0.21195945856961906,0,Low Risk
279,19,3484,8,0.6600127809498805,0,Low Risk
280,65,3657,5,0.9107526218278059,1,High Risk
281,24,4769,5,0.21093893774458816,0,Low Risk
282,41,3211,0,0.3619356278995808,0,Low Risk
283,23,936,2,0.8216695805725187,1,High Risk
284,68,2592,3,0.9241696593591809,1,High Risk
285,65,2250,0,0.7390690375835666,1,High Risk
286,28,3092,6,0.34893832237312505,0,Low Risk
287,63,2488,3,0.9681573117961304,1,High Risk
288,21,773,7,0.12213526193343027,0,Low Risk
289,19,3315,2,0.863070019508956,1,High Risk
290,55,2339,7,0.48615671122926296,0,Low Risk
291,34,1145,8,0.2028151314275889,0,Low Risk
292,40,4074,6,0.033263165340712164,0,Low Risk
293,57,2078,6,0.15657598630136127,0,Low Risk
294,61,2980,7,0.951256267238153,1,High Risk
295,46,4639,9,0.2937045608250003,0,Low Risk
296,40,889,8,0.0015335093113223452,0,Low Risk
297,67,1223,3,0.5506252404457797,0,Low Risk
298,58,716,4,0.5635307948076204,0,Low Risk
299,33,3541,6,0.4448224517588315,0,Low Risk
300,52,939,1,0.18118589192484313,0,Low Risk
301,30,2612,4,0.7163071973244979,1,High Risk
302,29,714,1,0.5118884847780273,0,Low Risk
303,51,662,6,0.8037808060619058,1,High Risk
304,40,1180,2,0.1999373872846434,0,Low Risk
305,32,3843,0,0.3519114394693208,0,Low Risk
306,69,4675,4,0.043527794354697,0,Low Risk
307,69,2756,5,0.2848866633630961,0,Low Risk
308,33,2917,9,0.06880709764445458,0,Low Risk
309,38,4084,1,0.24740242596696327,0,Low Risk
310,56,3896,9,0.6186160224932804,0,Low Risk
311,34,2540,2,0.5922063383061624,0,Low Risk
312,62,4588,3,0.9318100111752534,1,High Risk
313,18,711,8,0.2655176447351377,0,Low Risk
314,61,896,8,0.8771491548466497,1,High Risk
315,49,1557,6,0.5129450288342018,0,Low Risk
316,25,4771,1,0.46401128202985276,0,Low Risk
317,32,1584,7,0.9031435572878228,1,High Risk
318,56,4201,9,0.34111565839147173,0,Low Risk
319,55,1631,6,0.03944335551739819,0,Low Risk
320,35,840,6,0.7246421580296033,0,Low Risk
321,38,3377,4,0.4509576175024489,0,Low Risk
322,59,4778,4,0.2798548709386003,0,Low Risk
323,32,2829,2,0.2097347580729828,0,Low Risk
324,41,4249,6,0.1238239416313579,0,Low Risk
325,53,2736,2,0.07035059835483892,0,Low Risk
326,55,853,7,0.9359348073092393,1,High Risk
327,63,4160,8,0.3494870132807395,0,Low Risk
328,67,4179,3,0.6471911994561685,0,Low Risk
329,49,2943,7,0.34422199712649226,0,Low Risk
330,18,4981,9,0.7394906407821891,1,High Risk
331,32,1967,4,0.9505091360660197,1,High Risk
332,46,1555,8,0.09963633645490033,0,Low Risk
333,22,971,3,0.8365048385687337,0,Low Risk
334,62,1954,6,0.057011034251888915,0,Low Risk
335,37,2404,3,0.8368615610179215,1,High Risk
336,66,1103,6,0.9758036824573041,1,High Risk
337,27,689,9,0.7220642068439497,1,High Risk
338,30,3748,9,0.6580690757324831,0,Low Risk
339,67,4090,8,0.9320861374389342,1,High Risk
340,26,3813,5,0.7058768149373544,1,High Risk
341,64,3755,2,0.01713604582973871,0,Low Risk
342,19,3025,3,0.5237642212011457,0,Low Risk
343,20,2283,3,0.48127401970382266,0,Low Risk
344,31,3767,6,0.03778663162524232,0,Low Risk
345,57,2469,6,0.9543683658874753,1,High Risk
346,44,544,9,0.7669775443721076,1,High Risk
347,27,2367,7,0.5908681382053153,0,Low Risk
348,56,4262,1,0.180960650114119,0,Low Risk
349,39,2777,8,0.6648607635978626,0,Low Risk
350,21,1650,1,0.6929242073572262,0,Low Risk
351,35,3951,5,0.1803759071593749,0,Low Risk
352,32,3916,8,0.867565024058538,1,High Risk
353,45,1492,1,0.22177614688847413,0,Low Risk
354,64,894,2,0.608355794550079,0,Low Risk
355,55,1469,3,0.4503068028422418,0,Low Risk
356,35,3780,0,0.46608026574954586,0,Low Risk
357,43,3854,9,0.4605639011572331,0,Low Risk
358,66,2373,9,0.33727179705012533,0,Low Risk
359,31,919,1,0.8484854231633567,1,High Risk
360,26,3855,1,0.7119446952047321,1,High Risk
361,24,1406,5,0.8777361087840299,1,High Risk
362,62,4278,5,0.5426969165843616,0,Low Risk
363,36,1508,0,0.2785936180882911,0,Low Risk
364,44,3986,5,0.9314900498773965,1,High Risk
365,60,922,0,0.27180430809639833,0,Low Risk
366,32,4576,3,0.6120361690245092,0,Low Risk
367,61,2809,7,0.9065808155423416,1,High Risk
368,18,4658,8,0.9786381100169796,1,High Risk
369,29,1178,5,0.08864963938710935,0,Low Risk
370,44,3417,0,0.18109253483744625,0,Low Risk
371,68,1276,9,0.7575272076588677,0,Low Risk
372,42,3762,0,0.7286730619969831,0,Low Risk
373,61,4171,8,0.5478447154299196,0,Low Risk
374,25,3138,5,0.38130064593551627,0,Low Risk
375,24,4141,7,0.3762098292356263,0,Low Risk
376,45,4769,5,0.9085946870056436,1,High Risk
377,24,3918,0,0.4766457191520451,0,Low Risk
378,20,1364,5,0.05766953228654437,1,High Risk
379,21,3846,4,0.47867713217201235,0,Low Risk
380,39,4146,7,0.22311169289836774,0,Low Risk
381,68,1807,3,0.5462716538191638,0,Low Risk
382,37,2685,5,0.4984825046404481,0,Low Risk
383,20,4759,7,0.5855727439235174,0,Low Risk
384,20,4339,7,0.1229103659523757,0,Low Risk
385,63,3230,1,0.846172281565729,1,High Risk
386,38,4267,4,0.6268542544787193,0,Low Risk
387,66,3823,0,0.528910499652237,0,Low Risk
388,45,4054,7,0.35653479031063284,0,Low Risk
389,54,4127,8,0.3298681950685134,0,Low Risk
390,69,4558,9,0.28119572408848614,0,Low Risk
391,39,4118,5,0.06953346526938309,0,Low Risk
392,31,4771,2,0.3440939343781415,0,Low Risk
393,49,2569,9,0.38050927098057885,0,Low Risk
394,60,2289,7,0.6324521222564969,0,Low Risk
395,48,3562,9,0.9703822747939238,1,High Risk
396,59,2424,2,0.6180994869339032,0,Low Risk
397,58,2201,4,0.7717043585602835,1,High Risk
398,45,1088,8,0.6953430562449847,0,Low Risk
399,47,2399,1,0.6789901125907317,0,Low Risk
400,48,3662,3,0.5568650235695572,0,Low Risk
401,56,3830,5,0.6657125915919301,0,Low Risk
402,67,1883,9,0.38930944992856553,0,Low Risk
403,68,856,8,0.24457116598354367,0,Low Risk
404,67,4701,7,0.41776693479755933,0,Low Risk
405,61,4460,7,0.8972510526286752,1,High Risk
406,63,1007,1,0.5120529246304548,0,Low Risk
407,52,2086,0,0.7238071798131053,1,High Risk
408,47,2088,2,0.42174315785169214,0,Low Risk
409,40,4723,7,0.14187834217245832,0,Low Risk
410,58,3461,9,0.023516935954677187,0,Low Risk
411,42,1429,8,0.6919198004281415,0,Low Risk
412,42,1315,6,0.9187197651113563,0,Low Risk
413,52,1533,2,0.2970080734757007,0,Low Risk
414,38,3955,2,0.8026070127404498,1,High Risk
415,38,2067,3,0.6168812774833533,0,Low Risk
416,19,3209,9,0.017616893040545034,0,Low Risk
417,38,3077,2,0.04153602749690266,0,Low Risk
418,59,4517,6,0.89293991837806,1,High Risk
419,47,1996,6,0.9983367832927234,1,High Risk
420,21,2997,8,0.47783093054640624,0,Low Risk
421,31,1441,5,0.8056437691175182,1,High Risk
422,23,3706,4,0.26064201012154997,0,Low Risk
423,69,901,4,0.907547944938337,1,High Risk
424,46,2718,5,0.7289548052786058,1,High Risk
425,26,3319,2,0.4263348041546863,0,Low Risk
426,62,3823,6,0.1436846269846339,0,Low Risk
427,52,4992,9,0.3818604763242438,0,Low Risk
428,28,4395,7,0.44343145548841056,0,Low Risk
429,27,2455,7,0.6800761232210631,0,Low Risk
430,55,2474,3,0.4734455360816212,0,Low Risk
431,21,988,2,0.5982605413089327,0,Low Risk
432,24,826,2,0.4481484852333566,0,Low Risk
433,59,1678,0,0.23017242363646628,0,Low Risk
434,36,3479,9,0.7007245951750478,1,High Risk
435,55,3977,9,0.8302552177844831,1,High Risk
436,27,4431,1,0.3820771203427764,0,Low Risk
437,34,3174,1,0.6768994680672162,0,Low Risk
438,22,4514,3,0.20702679695845427,0,Low Risk
439,23,875,7,0.9546783181243313,1,High Risk
440,49,4589,9,0.8383892201961352,0,Low Risk
441,47,1713,2,0.5875609843411537,0,Low Risk
442,42,3103,8,0.6284361597258811,0,Low Risk
443,29,3020,1,0.8494711757976114,1,High Risk
444,26,1453,2,0.2549378414361585,0,Low Risk
445,63,3081,0,0.38629266719321986,0,Low Risk
446,48,2674,5,0.9845141822331309,1,High Risk
447,35,1560,3,0.6152509865968986,0,Low Risk
448,66,1210,6,0.9890051804303129,1,High Risk
449,22,3243,8,0.30631074017951154,0,Low Risk
450,29,962,5,0.17178528813629723,0,Low Risk
451,44,4786,6,0.0015242442794016764,0,Low Risk
452,25,4931,9,0.1982521553127332,0,Low Risk
453,48,4674,2,0.13540267240611115,0,Low Risk
454,44,4076,0,0.9845392191277872,1,High Risk
455,19,3590,2,0.48211009385584214,0,Low Risk
456,26,4970,1,0.7133268723850387,1,High Risk
457,62,738,7,0.2080855693504402,0,Low Risk
458,59,4398,0,0.09656185692897656,0,Low Risk
459,68,3903,4,0.4252952820505682,0,Low Risk
460,59,2709,3,0.6486812157188682,0,Low Risk
461,46,883,9,0.5499392489850218,0,Low Risk
462,58,2671,6,0.6449295789329788,0,Low Risk
463,24,3091,0,0.4226230493930081,0,Low Risk
464,46,4278,4,0.8618439589691929,1,High Risk
465,46,1705,1,0.729544906790897,1,High Risk
466,68,1294,4,0.7151071920648415,1,High Risk
467,29,2914,0,0.9506491468902156,1,High Risk
468,38,871,7,0.6840998090101151,0,Low Risk
469,62,588,5,0.7688381180938897,1,High Risk
470,64,2599,0,0.2357743670345871,0,Low Risk
471,67,2584,1,0.7618089629081913,1,High Risk
472,50,3590,1,0.4605739366792392,0,Low Risk
473,47,2144,2,0.5697702321928205,0,Low Risk
474,32,2395,2,0.8909956162003186,1,High Risk
475,30,2771,9,0.7473932341062405,1,High Risk
476,53,2375,8,0.010072404823453507,0,Low Risk
477,39,1095,5,0.6437913263212374,0,Low Risk
478,38,1940,6,0.6349202952256022,0,Low Risk
479,35,3056,1,0.057650778656560875,0,Low Risk
480,49,3155,8,0.8753635372291589,0,Low Risk
481,21,2780,4,0.16832903149959888,0,Low Risk
482,25,1958,8,0.6454471301154685,0,Low Risk
483,51,1161,4,0.5773817510873624,0,Low Risk
484,52,4574,9,0.18027601742335564,0,Low Risk
485,44,3340,5,0.056176151809205765,0,Low Risk
486,60,3213,7,0.9082601180783677,1,High Risk
487,36,3280,8,0.4326379254021424,0,Low Risk
488,51,4888,1,0.051455156654278245,0,Low Risk
489,61,4495,3,0.2876465956329901,0,Low Risk
490,48,658,1,0.0947035206687642,0,Low Risk
491,49,2633,2,0.0752866475046522,0,Low Risk
492,65,4237,4,0.13053593289063314,0,Low Risk
493,22,3634,3,0.035330435282372896,0,Low Risk
494,37,4518,3,0.06432857547197146,0,Low Risk
495,43,4187,4,0.8612531733352299,0,Low Risk
496,35,2245,7,0.4377463505116581,0,Low Risk
497,31,1161,0,0.24560234886099863,0,Low Risk
498,42,2065,3,0.7464021630840696,1,High Risk
499,19,4402,7,0.3211213615796549,0,Low Risk
500,66,3756,6,0.0983004114632714,0,Low Risk
501,48,1617,9,0.21776889279152012,0,Low Risk
502,19,1215,5,0.891682509468731,1,High Risk
503,49,3357,9,0.403409154134705,0,Low Risk
504,44,3158,9,0.5521820178596315,0,Low Risk
505,48,1476,2,0.45632207676241276,0,Low Risk
506,44,1519,9,0.04812560067218841,0,Low Risk
507,38,855,2,0.5872573974913547,0,Low Risk
508,55,2348,9,0.2774113483525623,0,Low Risk
509,40,2967,9,0.5395259253039928,0,Low Risk
510,56,2974,9,0.9465716162491017,1,High Risk
511,32,2513,4,0.03676628275619731,0,Low Risk
512,51,4847,3,0.5792721823516426,0,Low Risk
513,51,3174,5,0.07596570544850045,0,Low Risk
514,31,4986,9,0.8099914512069748,0,Low Risk
515,50,700,7,0.26410087638438184,0,Low Risk
516,50,2274,6,0.5702154741150511,0,Low Risk
517,65,1479,1,0.9184117954600711,1,High Risk
518,55,1393,4,0.32531783970333705,0,Low Risk
519,51,1409,6,0.5514535271672885,0,Low Risk
520,33,1657,5,0.17064633619639968,0,Low Risk
521,26,4406,9,0.4772734126855448,0,Low Risk
522,46,3128,1,0.7757296612857671,0,Low Risk
523,59,2252,8,0.7909151017081989,0,Low Risk
524,52,4411,2,0.21894063230809868,0,Low Risk
525,28,2248,3,0.6441070794864,0,Low Risk
526,59,2636,7,0.27156854833055777,0,Low Risk
527,26,3849,9,0.3187549488051211,0,Low Risk
528,62,4285,1,0.5919288468101959,0,Low Risk
529,46,1795,3,0.014628256879184787,0,Low Risk
530,65,4992,8,0.3248260469682879,1,High Risk
531,25,4676,7,0.31599025000768355,0,Low Risk
532,32,4877,1,0.4328042385921954,0,Low Risk
533,46,4014,2,0.6196631963040244,0,Low Risk
534,22,4646,2,0.721409289103599,1,High Risk
535,50,2107,7,0.4792057478009788,0,Low Risk
536,65,2325,5,0.12489396470564917,0,Low Risk
537,47,2785,8,0.18080934024935302,0,Low Risk
538,55,2026,4,0.28626077839024466,0,Low Risk
539,45,990,2,0.4052340396203674,0,Low Risk
540,64,2623,8,0.41932854613051374,0,Low Risk
541,39,1173,5,0.5118249289292697,0,Low Risk
542,25,2312,4,0.7327409846905762,1,High Risk
543,43,2279,7,0.054077682391864834,1,High Risk
544,23,3376,2,0.39507807860005484,0,Low Risk
545,60,2512,2,0.01574232991211455,0,Low Risk
546,67,2896,5,0.5996987159095603,0,Low Risk
547,36,1004,6,0.04159553594066956,0,Low Risk
548,69,4004,3,0.7140642899499176,1,High Risk
549,50,1679,1,0.7873220547437931,0,Low Risk
550,34,1123,1,0.5370990019487183,1,High Risk
551,61,517,8,0.7717192390991006,1,High Risk
552,45,2224,6,0.13522008152924048,0,Low Risk
553,58,4896,7,0.9871989639195906,1,High Risk
554,67,3990,5,0.8544681879287224,1,High Risk
555,50,2632,2,0.6625652951145008,0,Low Risk
556,45,2346,4,0.06167746763486448,0,Low Risk
557,51,4294,6,0.7631685939204542,1,High Risk
558,49,4684,1,0.4262649204650667,0,Low Risk
559,22,2604,7,0.15331665720623244,0,Low Risk
560,32,1603,6,0.5878139400205419,1,High Risk
561,68,1205,2,0.5460332544937063,0,Low Risk
562,47,3005,2,0.6715755501289252,0,Low Risk
563,39,4348,9,0.9415300961204587,1,High Risk
564,48,4544,4,0.33669527078238004,0,Low Risk
565,47,1297,9,0.09517858079702346,0,Low Risk
566,68,3588,8,0.6743216991037116,0,Low Risk
567,29,3118,2,0.6851762221818454,0,Low Risk
568,56,3268,8,0.24227206892471942,0,Low Risk
569,44,1753,4,0.8914146435072564,1,High Risk
570,29,1002,1,0.3745733330450861,0,Low Risk
571,50,3942,5,0.0162844264505686,0,Low Risk
572,41,4503,2,0.6122930745097831,0,Low Risk
573,25,3495,0,0.13990216258212174,0,Low Risk
574,60,4479,4,0.7365049287844001,1,High Risk
575,38,1147,1,0.9906721818817554,1,High Risk
576,68,3114,1,0.9063837461165999,1,High Risk
577,61,625,7,0.5634116462808163,0,Low Risk
578,61,2175,4,0.756593932749318,1,High Risk
579,34,4231,2,0.0691353560514214,0,Low Risk
580,60,2492,4,0.24804860864059752,0,Low Risk
581,35,2116,4,0.8782155392292849,1,High Risk
582,49,1279,8,0.5842498258602656,0,Low Risk
583,65,853,2,0.4914787468819989,0,Low Risk
584,33,3371,1,0.5490720570441429,0,Low Risk
585,42,2156,0,0.6899453946419062,0,Low Risk
586,24,3659,5,0.16214148840465037,0,Low Risk
587,31,3157,2,0.49459979306589275,0,Low Risk
588,61,2422,7,0.38585719789455764,0,Low Risk
589,24,1583,1,0.38930441185443887,0,Low Risk
590,35,556,5,0.4322582740329459,0,Low Risk
591,39,3665,0,0.5569841748373312,0,Low Risk
592,19,4995,8,0.19736679170234772,0,Low Risk
593,67,2482,6,0.4743638968790652,0,Low Risk
594,49,752,3,0.20094219269901048,0,Low Risk
595,64,3939,4,0.0018439490039454665,0,Low Risk
596,30,3288,5,0.7687279602108841,0,Low Risk
597,24,3336,4,0.7852191409977048,1,High Risk
598,49,1108,9,0.5200992381357329,0,Low Risk
599,24,4921,9,0.03278246756718428,0,Low Risk
600,69,4451,4,0.3447865642066209,0,Low Risk
601,42,2624,9,0.45802527228475876,0,Low Risk
602,49,1445,9,0.22934348313284925,0,Low Risk
603,49,664,5,0.06039613618781681,0,Low Risk
604,56,4764,2,0.18174118768603986,0,Low Risk
605,65,2396,4,0.686290156484647,0,Low Risk
606,56,3453,3,0.5664032856148343,0,Low Risk
607,61,3400,9,0.846375936546713,1,High Risk
608,58,2609,3,0.598954665482056,0,Low Risk
609,34,1318,2,0.7722991693803517,1,High Risk
610,19,2912,5,0.42616111925608613,0,Low Risk
611,56,1120,3,0.2628306569430888,0,Low Risk
612,23,1991,6,0.35225857322045606,0,Low Risk
613,32,3363,0,0.26286649510279736,0,Low Risk
614,69,3818,3,0.3081772300699531,0,Low Risk
615,49,3456,3,0.612969632765156,0,Low Risk
616,55,990,6,0.5140876858584398,0,Low Risk
617,21,2481,2,0.35445963962433436,0,Low Risk
618,40,2377,3,0.42262670354647613,1,High Risk
619,61,795,0,0.445982888927797,0,Low Risk
620,43,4752,9,0.3548752481731783,0,Low Risk
621,61,4813,6,0.009658755357338622,0,Low Risk
622,26,2507,4,0.5481133858963878,0,Low Risk
623,20,3554,8,0.9056220872464543,1,High Risk
624,38,4886,7,0.48838504699799734,0,Low Risk
625,50,2333,8,0.8309705564627811,1,High Risk
626,50,2321,0,0.652968528049194,0,Low Risk
627,23,1292,7,0.6666373817683753,0,Low Risk
628,41,2698,4,0.059906383731306856,0,Low Risk
629,52,2544,7,0.24534477177598502,0,Low Risk
630,34,4805,2,0.10151154122046524,0,Low Risk
631,65,3008,8,0.8584275601632617,1,High Risk
632,51,2667,8,0.30004130074090274,0,Low Risk
633,58,870,8,0.11592116402109987,0,Low Risk
634,41,2663,3,0.7091793163328651,1,High Risk
635,55,1413,0,0.9228886964492932,1,High Risk
636,35,1010,3,0.3259290741499161,0,Low Risk
637,51,2721,4,0.7370761087429067,0,Low Risk
638,46,4631,3,0.7717016146817328,1,High Risk
639,59,3362,0,0.09443511601295684,0,Low Risk
640,42,2222,8,0.9464474914803482,1,High Risk
641,33,3932,0,0.33752114573855296,0,Low Risk
642,22,2553,6,0.6417897262032727,0,Low Risk
643,30,1568,7,0.23539119551672472,0,Low Risk
644,42,1478,5,0.3045463433242357,1,High Risk
645,30,4529,3,0.9511935486075221,0,Low Risk
646,55,3657,2,0.849493269347674,1,High Risk
647,21,3041,1,0.2540564399558931,0,Low Risk
648,20,3280,3,0.09553726509389038,0,Low Risk
649,67,2339,2,0.8485580103298151,1,High Risk
650,25,3597,2,0.9395668292334619,0,Low Risk
651,41,4410,2,0.450516621901741,0,Low Risk
652,40,1786,4,0.03540678347987791,0,Low Risk
653,38,3392,4,0.026411629288947358,0,Low Risk
654,47,4150,7,0.17164971158767917,0,Low Risk
655,35,4908,6,0.6872661663170544,0,Low Risk
656,44,3839,3,0.8682684129806959,1,High Risk
657,67,1660,1,0.8348055030965574,1,High Risk
658,24,3178,5,0.4289650632521591,0,Low Risk
659,39,1822,5,0.9230214900781419,1,High Risk
660,46,3719,0,0.2875917516128048,0,Low Risk
661,63,4110,3,0.9625833425510449,0,Low Risk
662,66,4387,7,0.09438459464121052,0,Low Risk
663,64,3350,1,0.9714216677313122,1,High Risk
664,66,4071,7,0.044370698436917544,0,Low Risk
665,56,1546,6,0.6107000008575498,0,Low Risk
666,46,4166,1,0.45710144252958096,0,Low Risk
667,48,3887,6,0.5704174648394642,0,Low Risk
668,50,4492,8,0.47779867366674234,0,Low Risk
669,18,1449,6,0.4022362072336543,0,Low Risk
670,64,4647,9,0.3700283124001873,0,Low Risk
671,63,2710,4,0.8028536151088778,0,Low Risk
672,58,2238,1,0.7252992427729239,1,High Risk
673,60,1130,4,0.179362896826611,0,Low Risk
674,54,2255,9,0.816751182332722,1,High Risk
675,51,4925,2,0.6646201925344339,0,Low Risk
676,22,4139,3,0.17472936264883943,0,Low Risk
677,49,958,3,0.04869195119540248,0,Low Risk
678,67,1552,6,0.913767474259287,1,High Risk
679,32,1425,9,0.26090124313377083,0,Low Risk
680,48,736,0,0.025495949307673405,0,Low Risk
681,45,2195,0,0.5523462489487557,0,Low Risk
682,52,573,1,0.7562574498295129,1,High Risk
683,19,2155,1,0.4468982509069288,0,Low Risk
684,31,3077,4,0.8397126156205706,1,High Risk
685,69,878,9,0.49113196459924835,0,Low Risk
686,50,2001,1,0.11298203568258158,0,Low Risk
687,22,796,5,0.10353670178791174,0,Low Risk
688,22,1229,6,0.6516810187458543,0,Low Risk
689,61,2917,1,0.9627183737927962,1,High Risk
690,57,2987,9,0.8925136584529494,0,Low Risk
691,61,3761,7,0.394757502647323,0,Low Risk
692,48,870,8,0.8229199274892042,1,High Risk
693,30,4171,2,0.062139974336674286,0,Low Risk
694,40,2007,3,0.017643972617302883,0,Low Risk
695,24,4248,5,0.6916899621845959,0,Low Risk
696,23,1085,6,0.5453424860722482,0,Low Risk
697,44,2789,0,0.6982737062964303,0,Low Risk
698,66,1290,5,0.2669357669575707,1,High Risk
699,41,4506,2,0.08319580950597871,0,Low Risk
700,20,2799,2,0.9858757866248876,1,High Risk
701,36,3364,4,0.339516782248948,0,Low Risk
702,59,1539,6,0.6184147423411629,0,Low Risk
703,40,3316,8,0.03545607652826177,0,Low Risk
704,59,1067,7,0.07767965736876226,0,Low Risk
705,45,2337,1,0.54818732797311,0,Low Risk
706,25,787,8,0.4667283641747245,0,Low Risk
707,25,2990,4,0.06450888118929987,0,Low Risk
708,58,2420,7,0.7474078595498321,1,High Risk
709,64,2422,9,0.5622677034070351,0,Low Risk
710,66,1515,8,0.2762794103769032,0,Low Risk
711,34,4797,8,0.12776398424547863,0,Low Risk
712,44,2467,1,0.7250078290411353,1,High Risk
713,56,911,5,0.7655215155216211,1,High Risk
714,44,996,2,0.6689723896620395,0,Low Risk
715,41,2313,6,0.14819099290102322,0,Low Risk
716,69,1637,7,0.5333889069094873,0,Low Risk
717,41,1501,8,0.9686814188080921,0,Low Risk
718,65,4248,1,0.5872247866171342,0,Low Risk
719,30,2914,3,0.8633059933173736,1,High Risk
720,42,3150,9,0.00958085615785842,0,Low Risk
721,41,1419,7,0.05725855786627021,0,Low Risk
722,46,2870,5,0.31177577322475547,1,High Risk
723,46,4754,2,0.2452241964008458,0,Low Risk
724,67,1029,2,0.6947028588727933,0,Low Risk
725,25,1025,8,0.4415951624444464,0,Low Risk
726,53,2745,0,0.46107737041250707,0,Low Risk
727,42,2298,6,0.17805430757576624,0,Low Risk
728,29,4064,6,0.2634864966360356,0,Low Risk
729,46,2747,4,0.07932264406660905,0,Low Risk
730,55,3215,7,0.28387699063177496,0,Low Risk
731,23,1593,5,0.9683047816969259,1,High Risk
732,64,2847,9,0.8276896843541786,1,High Risk
733,65,2175,7,0.6529170209155134,0,Low Risk
734,44,3212,0,0.295894533903164,0,Low Risk
735,62,2122,7,0.4430981323320531,0,Low Risk
736,59,3374,8,0.2766025163012854,0,Low Risk
737,39,1846,0,0.1963150546667971,0,Low Risk
738,63,3212,0,0.6193703342082674,0,Low Risk
739,66,2306,7,0.05598224284800213,0,Low Risk
740,45,2376,7,0.7253239705494915,1,High Risk
741,69,4057,9,0.8353422884139478,0,Low Risk
742,53,1191,1,0.9203366618945497,0,Low Risk
743,29,1549,2,0.4815201693809409,0,Low Risk
744,66,580,5,0.5036363978858276,0,Low Risk
745,68,1291,4,0.41250374455724337,0,Low Risk
746,30,4943,1,0.3316175078533522,0,Low Risk
747,23,1306,9,0.49284844656426496,0,Low Risk
748,40,1354,5,0.7361010049364144,1,High Risk
749,52,4559,7,0.15742786301152245,0,Low Risk
750,18,1928,8,0.6072043153002984,0,Low Risk
751,49,3115,6,0.878572795576899,1,High Risk
752,24,934,4,0.5783213569539801,0,Low Risk
753,18,3257,8,0.19109301336602202,0,Low Risk
754,31,1883,9,0.6323630986003934,1,High Risk
755,24,4400,6,0.016693277140667373,0,Low Risk
756,44,3528,6,0.025593444507521212,0,Low Risk
757,20,1692,4,0.843355100702628,1,High Risk
758,27,1723,0,0.5010931048432895,0,Low Risk
759,32,4550,1,0.5194926397106208,0,Low Risk
760,30,3284,9,0.6512446511643324,0,Low Risk
761,62,4221,6,0.1687650095800497,0,Low Risk
762,53,3697,3,0.5157181320619432,0,Low Risk
763,40,4123,7,0.15630118190580067,0,Low Risk
764,28,4098,7,0.4944005868132384,0,Low Risk
765,26,2963,1,0.06855389801638978,0,Low Risk
766,39,4928,6,0.7265520660072669,1,High Risk
767,26,4758,5,0.011276773516951,0,Low Risk
768,65,884,6,0.9492656114131963,1,High Risk
769,22,1136,4,0.2538329485767774,0,Low Risk
770,34,2559,8,0.3744337985531826,0,Low Risk
771,25,587,4,0.050318306353141384,0,Low Risk
772,57,4560,9,0.2131665083923434,0,Low Risk
773,34,4403,3,0.07365805207425591,0,Low Risk
774,55,2027,1,0.678478264189373,0,Low Risk
775,31,728,7,0.8977369981177975,1,High Risk
776,26,3590,9,0.9563686345936117,1,High Risk
777,62,3011,2,0.00882364468592678,0,Low Risk
778,68,994,1,0.7923103072806599,1,High Risk
779,19,2917,3,0.04156642900427454,0,Low Risk
780,30,3997,7,0.7926077930783019,1,High Risk
781,31,509,3,0.8479746614648054,1,High Risk
782,63,2182,0,0.5846398825038205,0,Low Risk
783,37,2163,3,0.7438680073780167,1,High Risk
784,60,2938,6,0.20826691969362232,0,Low Risk
785,51,2493,8,0.7285802424258969,1,High Risk
786,58,1633,2,0.7994904754264119,1,High Risk
787,49,3286,2,0.9074401436162728,1,High Risk
788,26,1061,7,0.1579663566785552,0,Low Risk
789,57,2973,8,0.9063192442599668,1,High Risk
790,20,4525,0,0.41744199091943035,0,Low Risk
791,26,1724,8,0.33739221171117584,0,Low Risk
792,37,3003,5,0.5846087943403261,0,Low Risk
793,59,1512,8,0.7340897746871656,1,High Risk
794,43,3754,9,0.42804571532063573,0,Low Risk
795,69,1372,5,0.16199631377057144,0,Low Risk
796,46,2411,8,0.83832737453747,1,High Risk
797,24,1575,1,0.716202146500413,1,High Risk
798,30,3383,0,0.6165438591375039,0,Low Risk
799,65,3896,9,0.06264168608820808,0,Low Risk
800,66,2252,4,0.5972390984777141,0,Low Risk
801,68,4183,2,0.6732360918120014,0,Low Risk
802,43,2768,9,0.2984833224186826,0,Low Risk
803,26,1481,8,0.5028058864918655,0,Low Risk
804,54,4545,7,0.990704853161737,1,High Risk
805,33,1144,5,0.6259633215149952,0,Low Risk
806,63,3290,6,0.3850393497245139,0,Low Risk
807,69,1679,2,0.9910709900976862,1,High Risk
808,66,3249,5,0.5825220265778938,0,Low Risk
809,67,4295,6,0.7451600850813577,1,High Risk
810,67,4489,2,0.3808423243303032,0,Low Risk
811,32,4061,3,0.5080697921818818,0,Low Risk
812,44,3237,2,0.05372158230278412,1,High Risk
813,57,2524,1,0.05477777771096626,0,Low Risk
814,43,2194,0,0.2169821762346298,0,Low Risk
815,45,2666,4,0.7952965524059518,1,High Risk
816,67,1153,1,0.6127075179782561,0,Low Risk
817,62,4157,2,0.45977137584962824,0,Low Risk
818,68,4369,0,0.4974441039058807,0,Low Risk
819,29,4672,5,0.760906169491272,1,High Risk
820,19,3833,6,0.539816832346171,0,Low Risk
821,30,4941,0,0.048558836699576946,0,Low Risk
822,37,2271,1,0.7160592427640532,1,High Risk
823,62,1318,6,0.07671399354033137,0,Low Risk
824,30,2168,1,0.2619968734418615,0,Low Risk
825,37,4944,2,0.4642738797657423,0,Low Risk
826,62,1939,2,0.5342240748365463,0,Low Risk
827,65,2965,9,0.5903642961652379,0,Low Risk
828,20,3942,6,0.9445163485223683,1,High Risk
829,31,3578,8,0.9788908559989582,1,High Risk
830,21,2088,1,0.16822658509360833,0,Low Risk
831,30,4482,6,0.5420107210957098,0,Low Risk
832,50,2219,9,0.80539817860726,1,High Risk
833,52,4304,2,0.2988198710163994,0,Low Risk
834,45,3389,1,0.21170383829047157,0,Low Risk
835,38,4638,7,0.4410861117289102,0,Low Risk
836,48,4972,5,0.9608218023524739,1,High Risk
837,41,1270,7,0.9216579273543517,1,High Risk
838,42,1927,0,0.3309358667552601,0,Low Risk
839,25,2792,8,0.3947086406414968,0,Low Risk
840,26,676,7,0.9020951925515633,1,High Risk
841,19,4536,1,0.6043727269135266,0,Low Risk
842,25,2932,5,0.8948128703698564,1,High Risk
843,45,1983,7,0.46966395570704367,0,Low Risk
844,31,4305,5,0.6516035544643688,0,Low Risk
845,67,1250,9,0.5493539254092807,0,Low Risk
846,68,591,1,0.24047060541785503,1,High Risk
847,45,4100,1,0.8472351447752301,1,High Risk
848,40,1538,6,0.6959836860345229,0,Low Risk
849,49,2120,1,0.4376893118757835,0,Low Risk
850,44,1561,7,0.7117349356897321,0,Low Risk
851,39,3938,5,0.6230091279927619,0,Low Risk
852,25,2015,8,0.8993091893506673,1,High Risk
853,53,2955,2,0.46517243841854916,0,Low Risk
854,54,2623,8,0.4256026170580086,0,Low Risk
855,43,3185,8,0.7667495520770813,1,High Risk
856,20,3320,2,0.3032144840149731,0,Low Risk
857,38,3837,2,0.6554280780964702,0,Low Risk
858,29,4832,0,0.14797764203528097,0,Low Risk
859,29,2008,8,0.1476919846355973,0,Low Risk
860,69,1147,1,0.4651939851128811,0,Low Risk
861,18,4840,8,0.5876358149877402,0,Low Risk
862,60,2260,8,0.5478259919354836,0,Low Risk
863,20,1607,0,0.4708837688165577,0,Low Risk
864,65,3788,0,0.9462322814408459,1,High Risk
865,51,994,3,0.9761784679413568,1,High Risk
866,28,1373,3,0.4386158873688666,0,Low Risk
867,55,689,0,0.3292961944135867,1,High Risk
868,18,3617,8,0.3912283270134044,0,Low Risk
869,68,2689,4,0.13358040693426831,0,Low Risk
870,34,3132,0,0.2692386954317426,0,Low Risk
871,19,4054,7,0.5655047061420367,0,Low Risk
872,60,2967,4,0.9650717763707067,1,High Risk
873,24,3494,4,0.1515622926440573,0,Low Risk
874,26,4474,0,0.18836279899156705,0,Low Risk
875,51,3364,0,0.932354194956699,1,High Risk
876,39,1984,9,0.7482651489527995,1,High Risk
877,28,882,4,0.6865894090652016,0,Low Risk
878,69,516,5,0.6362984721777625,0,Low Risk
879,37,3132,9,0.41316552432080367,0,Low Risk
880,31,3429,7,0.3564848846605756,0,Low Risk
881,52,949,6,0.8659397457661414,1,High Risk
882,68,4303,5,0.9768629782892656,1,High Risk
883,21,2146,6,0.9361472608821607,1,High Risk
884,27,1581,5,0.28562300112149597,0,Low Risk
885,21,2610,1,0.8896362953579098,0,Low Risk
886,66,985,1,0.6796553981813318,0,Low Risk
887,55,3806,6,0.06917590110845828,0,Low Risk
888,68,810,3,0.35413730542700805,0,Low Risk
889,42,1515,8,0.43914024451496925,0,Low Risk
890,59,2573,2,0.6307248644403761,0,Low Risk
891,35,4733,8,0.21418060581173937,0,Low Risk
892,53,1004,3,0.656912536014278,0,Low Risk
893,59,1776,6,0.20525858587164159,0,Low Risk
894,26,4414,6,0.3337880520716855,0,Low Risk
895,50,2789,5,0.7896186462939435,1,High Risk
896,68,1572,7,0.9617149170394456,1,High Risk
897,26,3078,8,0.08535851578858655,0,Low Risk
898,32,2354,9,0.21654416440617774,0,Low Risk
899,36,618,5,0.3242935572337833,0,Low Risk
900,34,4255,3,0.5287946025051433,0,Low Risk
901,55,841,2,0.4978258107980712,0,Low Risk
902,42,2747,0,0.6339017277550525,0,Low Risk
903,47,4731,1,0.015431545676313885,0,Low Risk
904,69,3297,2,0.2771841910485885,0,Low Risk
905,57,2572,8,0.6671416327778125,0,Low Risk
906,33,1629,8,0.8750718295097917,1,High Risk
907,34,990,2,0.9747049806361525,1,High Risk
908,69,3184,3,0.6606388942711767,0,Low Risk
909,65,4565,4,0.3681790256838525,0,Low Risk
910,58,1759,5,0.1623191801371373,0,Low Risk
911,21,1037,8,0.8664195749335885,1,High Risk
912,29,4989,6,0.9935107639541306,1,High Risk
913,49,3957,9,0.7988202673972375,1,High Risk
914,58,1679,8,0.2807823725892086,0,Low Risk
915,46,616,0,0.559184519972423,0,Low Risk
916,66,3729,2,0.9395589189804127,1,High Risk
917,31,4487,3,0.034050607598492544,0,Low Risk
918,33,3798,6,0.9571912492112236,0,Low Risk
919,30,4002,6,0.2913169095337266,0,Low Risk
920,26,3030,1,0.36831735739810234,0,Low Risk
921,48,4960,7,0.993626657453017,1,High Risk
922,61,3995,6,0.7391151779113803,1,High Risk
923,66,4473,9,0.8608405040347649,1,High Risk
924,29,4685,1,0.07896922989085964,0,Low Risk
925,44,1885,2,0.6946463322542291,0,Low Risk
926,65,3866,2,0.5019957906086927,0,Low Risk
927,69,1255,2,0.19260682308066857,0,Low Risk
928,55,1396,3,0.9944049482188715,1,High Risk
929,60,1840,2,0.3056128450990593,0,Low Risk
930,66,2541,0,0.4281842583437496,0,Low Risk
931,52,2031,0,0.5241155233217383,0,Low Risk
932,53,3866,9,0.594290982813355,0,Low Risk
933,65,4298,3,0.5184290694216164,0,Low Risk
934,57,1147,2,0.8376145872906334,1,High Risk
935,48,4146,7,0.6841905780587647,0,Low Risk
936,30,502,4,0.43008906848591644,0,Low Risk
937,67,1545,3,0.5389325076398674,0,Low Risk
938,68,4543,0,0.14843293732741858,0,Low Risk
939,38,4877,8,0.725221465656625,0,Low Risk
940,56,3626,3,0.44593447293378996,0,Low Risk
941,21,1867,6,0.34977642789784225,0,Low Risk
942,36,4115,1,0.8795326640036396,0,Low Risk
943,40,1690,6,0.5747782721786265,0,Low Risk
944,52,2347,8,0.05400642485835505,0,Low Risk
945,54,617,0,0.7242490970062699,1,High Risk
946,22,2358,9,0.7622267771169394,1,High Risk
947,62,3411,9,0.43168303472951663,0,Low Risk
948,34,842,8,0.9647335473608107,0,Low Risk
949,34,3228,1,0.8571545791787871,0,Low Risk
950,54,4560,0,0.6547410689185772,0,Low Risk
951,50,2232,3,0.958095979069576,1,High Risk
952,52,1507,1,0.48760790638872287,0,Low Risk
953,23,2820,9,0.10711140560974453,0,Low Risk
954,49,2324,4,0.6996518815363977,0,Low Risk
955,28,1796,2,0.8948608111429459,1,High Risk
956,48,4563,2,0.1524564195041207,0,Low Risk
957,39,3190,2,0.8978201934805163,1,High Risk
958,33,3892,6,0.7638854574033573,1,High Risk
959,39,1534,9,0.8925271407907271,1,High Risk
960,19,724,7,0.7194270429718359,1,High Risk
961,29,3519,6,0.8963398463022525,1,High Risk
962,30,1353,6,0.7291085752214223,1,High Risk
963,58,4666,8,0.8097627402591775,1,High Risk
964,45,4145,1,0.5178007246471368,0,Low Risk
965,31,2458,6,0.31328477912646857,0,Low Risk
966,69,3675,6,0.06715996614703834,0,Low Risk
967,51,1762,8,0.9322397080755551,1,High Risk
968,55,3148,3,0.4653489636672232,0,Low Risk
969,49,558,2,0.07568710311748439,0,Low Risk
970,67,2463,1,0.06864040740106947,0,Low Risk
971,28,2229,0,0.6017509338401847,0,Low Risk
972,33,2824,9,0.4839295610748564,0,Low Risk
973,42,4678,0,0.48057854599050887,0,Low Risk
974,57,3968,3,0.3301447594035085,1,High Risk
975,22,2315,2,0.3652233147649352,0,Low Risk
976,58,1714,5,0.37864119818316333,0,Low Risk
977,41,2324,0,0.1801423387715666,0,Low Risk
978,52,4512,4,0.9007056883271842,0,Low Risk
979,61,3263,3,0.28975581547047013,0,Low Risk
980,68,4815,4,0.0697569164185996,0,Low Risk
981,43,2213,7,0.856217386845186,1,High Risk
982,61,3931,5,0.23182837205705698,0,Low Risk
983,48,3249,0,0.5258351967693893,0,Low Risk
984,36,3494,4,0.6142625178697725,0,Low Risk
985,43,809,3,0.34797293486778436,0,Low Risk
986,25,4626,6,0.4870561735720439,0,Low Risk
987,47,2044,3,0.7836367882248845,0,Low Risk
988,66,2106,2,0.4406472105194229,0,Low Risk
989,18,2058,4,0.1590379539484521,0,Low Risk
990,51,1234,3,0.8760769608113276,1,High Risk
991,40,1722,0,0.6903260866672684,0,Low Risk
992,30,3723,9,0.8071135574146926,1,High Risk
993,26,4160,1,0.5903174163654039,0,Low Risk
994,18,2668,7,0.33901230084655465,0,Low Risk
995,33,963,3,0.16711699311871608,0,Low Risk
996,26,1361,5,0.08089967476054294,1,High Risk
997,64,3689,9,0.31219207733900456,0,Low Risk
998,36,3480,1,0.8785480491254664,1,High Risk
999,44,4717,8,0.9833679817124285,0,Low Risk
1000,69,2479,4,0.6195404638436265,0,Low Risk
